,naturalness,coherence,engagingness,groundedness,understandability,overall,invalid_conv,mode,nb_conv,filename
0,0.9909088339660943,0.8701926433010116,0.9332303842470098,0.6007485480079443,0.9929559025314784,0.8776072624107077,0,utterance,50,train_recipe_original_syntod.jsonl
0,0.9912129112533522,0.9292026069188059,0.9428281529858494,0.5979377002933983,0.9931773127662393,0.8908717368435287,2,full,50,train_recipe_original_syntod.jsonl
0,0.9907815086405523,0.8671583886881647,0.932031427530408,0.604491544920902,0.9929140757739449,0.877475389110794,0,utterance,150,train_recipe_original_syntod.jsonl
0,0.9909102141653995,0.928365457592589,0.9427128291726348,0.6046849578598823,0.9930117028226025,0.8919370323226217,8,full,150,train_recipe_original_syntod.jsonl
